[{"name":"Peace PharmacySponsored","website":"http://peacepharmacy.co.uk/","phone":"020 8904 2071 ","address":"We serve Harrow|Wembley,HA9"},{"name":"Anmol Pharmacy Ltd","website":"/customerneeds/sendenquiry/sendtoone/100040659871000020?searchedLocation=Harrow","phone":"02039787032 ","address":"We serve Harrow|Southall,UB1"},{"name":"Webber Pharmacy","website":"http://www.webberpharmacy.co.uk","phone":"020 8427 2350 ","address":"105 Headstone Rd, Harrow, HA1 1PG"},{"name":"Keencare Pharmacy & Travel Clinic","website":"http://www.greenlightpharmacy.co.uk","phone":"020 8427 3124 ","address":"18 College Rd, Harrow, HA1 1BE"},{"name":"Boots UK","website":"http://www.boots.co.uk","phone":"020 8861 3543 ","address":"St. Anns Shopping Ctr, Harrow, HA1 1AS"},{"name":"Boots UK","website":"http://www.boots.co.uk","phone":"020 8863 1293 ","address":"16 St. Georges Shopping & Leisure C, Harrow, HA1 1HS"},{"name":"Garner Pharmacy","website":"http://www.garnerpharmacy.co.uk","phone":"020 8863 6338 ","address":"160 Pinner Rd, Harrow, HA1 4JJ"},{"name":"Doorstep Pharmacy","website":"http://www.doorsteppharmacy.com/travel-health-clinic","phone":"020 8869 1200 ","address":"106 High Street, Harrow, HA1 3LP"},{"name":"Tesco Pharmacy","website":"http://www.tesco.com/store-locator/uk/?bID=Pharmacy2628&sccmp=refyo*stcPharmacy2628&utm_source=yext-_others&utm_campaign=Pharmacy2628&utm_medium=organic","phone":"020 3801 4327 ","address":"Station Rd, Harrow, HA1 2TU"},{"name":"The Harrow Pharmacy","website":"http://www.theharrowpharmacy.co.uk","phone":"020 8427 9204 ","address":"73 Station Rd, Harrow, HA1 2TY"},{"name":"Lambda","website":"http://www.lambda-cro.com","phone":"020 8901 3370 ","address":"Sage House, 319, Pinner Rd, Harrow, HA1 4HF"},{"name":"Saville Chemist","website":"https://www.nhs.uk/service-search/find-a-pharmacy/results/ha2%207sr","phone":"020 8427 2051 ","address":"61 Station Rd, Harrow, HA2 7SR"},{"name":"Joogee Pharmacy","website":"http://www.joogeepharma.com","phone":"020 3598 2193 ","address":"27 High Street, Harrow-on-The-Hill, HARROW, HA1 3HT"},{"name":"North Harrow Pharmacy","website":"https://www.nhs.uk/service-search/find-a-pharmacy/results/ha2%206eh","phone":"020 8863 1554 ","address":"509 Pinner Rd, Harrow, HA2 6EH"},{"name":"Churchills Pharmacy","website":"http://churchillspharmacykenton.co.uk/?utm_source=yell&utm_medium=referral&utm_campaign=yell","phone":"020 8907 3511 ","address":"207 Kenton Rd, Harrow, HA3 0HD"},{"name":"Desons Pharmacy","website":"http://www.desonspharmacy.co.uk","phone":"020 8723 0858 ","address":"216 Harrow View, Harrow, HA2 6PL"},{"name":"Robinson's Pharmacy","website":"http://www.numarkpharmacists.com","phone":"020 8427 2110 ","address":"5 Broadway Parade, Pinner Rd, Harrow, HA2 7SY"},{"name":"LloydsPharmacy","website":"http://lloydspharmacy.com","phone":"020 8907 4928 ","address":"1 Nash Way, Harrow, HA3 0JA"},{"name":"Boots UK","website":"http://www.boots.co.uk","phone":"020 8427 1171 ","address":"66-68 High St, Harrow, HA3 7AF"},{"name":"J Sainsbury's Pharmacy","website":"http://www2.sainsburys.co.uk/food/healthylifestyle/help_and_advice/pharmancy/instore-pharmacy.htm","phone":"020 8907 8894 ","address":"157-175 Kenton Rd, Harrow, HA3 0YX"},{"name":"Stratwicks Pharmacy","website":"http://www.alphega-pharmacy.co.uk","phone":"020 8864 1183 ","address":"240 Northolt Rd, Harrow, HA2 8DU"},{"name":"Healthways Pharmacy","website":"http://www.healthwayspharmacy.com","phone":"020 8866 3164 ","address":"382-384 Rayners Lane, Pinner, HA5 5DY"},{"name":"Chana Chemist","phone":"020 8907 0413 ","address":"172 Kenton Road, Kenton, HARROW, HA3 8BL"},{"name":"S & A Pharmacy","website":"https://www.nhs.uk/service-search/find-a-pharmacy/results/ha2%208hr","phone":"020 8422 3006 ","address":"251 Northolt Rd, Harrow, HA2 8HR"},{"name":"Avviro Ltd","website":"http://www.avviropharmacy.co.uk","phone":"020 8938 4693 ","address":"Office 108, Pentax House, South Hill Avenue, Harrow, HA2 0DU"}]
